<project xmlns="http://maven.apache.org/POM/4.0.0"
	xmlns:xsi="http://www.w3.org/2001/XMLSchema-instance"
	xsi:schemaLocation="http://maven.apache.org/POM/4.0.0 https://maven.apache.org/xsd/maven-4.0.0.xsd">
	<modelVersion>4.0.0</modelVersion>
	<groupId>SpringApp2</groupId>
	<artifactId>SpringApp2</artifactId>
	<version>0.0.1-SNAPSHOT</version>

	<properties>
		<maven.compiler.source>17</maven.compiler.source>
		<maven.compiler.target>17</maven.compiler.target>
	</properties>

	<dependencies>
		<!-- https://mvnrepository.com/artifact/javax.transaction/jta -->
		<dependency>
			<groupId>javax.transaction</groupId>
			<artifactId>jta</artifactId>
			<version>1.1</version>
		</dependency>

		<!--
		https://mvnrepository.com/artifact/jakarta.transaction/jakarta.transaction-api -->
		<dependency>
			<groupId>jakarta.transaction</groupId>
			<artifactId>jakarta.transaction-api</artifactId>
			<version>2.0.1</version>
		</dependency>

		<dependency>
			<groupId>jakarta.persistence</groupId>
			<artifactId>jakarta.persistence-api</artifactId>
			<version>3.0.0</version>
		</dependency>

	<!--	
		https://mvnrepository.com/artifact/javax.persistence/javax.persistence-api 
		<dependency>
			<groupId>javax.persistence</groupId>
			<artifactId>javax.persistence-api</artifactId>
			<version>2.2</version>
		</dependency>-->


		<dependency>
			<groupId>org.hibernate</groupId>
			<artifactId>hibernate-core</artifactId>
			<version>5.6.15.Final</version>
		</dependency>

		<!--
		https://mvnrepository.com/artifact/org.hibernate/hibernate-entitymanager -->
		<dependency>
			<groupId>org.hibernate</groupId>
			<artifactId>hibernate-entitymanager</artifactId>
			<version>5.3.7.Final</version>
		</dependency>

		<!-- https://mvnrepository.com/artifact/org.springframework/spring-orm -->
		<dependency>
			<groupId>org.springframework</groupId>
			<artifactId>spring-orm</artifactId>
			<version>6.1.2</version>
		</dependency>

		<!-- https://mvnrepository.com/artifact/mysql/mysql-connector-java -->
		<dependency>
			<groupId>mysql</groupId>
			<artifactId>mysql-connector-java</artifactId>
			<version>8.0.31</version>
		</dependency>


		<!-- https://mvnrepository.com/artifact/org.projectlombok/lombok -->

		<dependency>
			<groupId>org.projectlombok</groupId>
			<artifactId>lombok</artifactId>
			<version>1.18.32</version>
			<scope>provided</scope>
		</dependency>

		<!-- https://mvnrepository.com/artifact/org.springframework/spring-core -->

		<dependency>
			<groupId>org.springframework</groupId>
			<artifactId>spring-core</artifactId>
			<version>6.1.2</version>
		</dependency>

		<!--

 https://mvnrepository.com/artifact/org.springframework/spring-context -->

		<dependency>
			<groupId>org.springframework</groupId>
			<artifactId>spring-context</artifactId>
			<version>6.1.2</version>
		</dependency>

		<dependency>
			<groupId>javax.annotation</groupId>
			<artifactId>javax.annotation-api</artifactId>
			<version>1.3.2</version>
		</dependency>

		<!-- https://mvnrepository.com/artifact/com.zaxxer/HikariCP -->
		<dependency>
			<groupId>com.zaxxer</groupId>
			<artifactId>HikariCP</artifactId>
			<version>5.0.0</version>
		</dependency>
		<dependency>
			<groupId>org.hibernate</groupId>
			<artifactId>hibernate-validator</artifactId>
			<!--			<version>4.3.1.Final</version>-->
			<version>5.4.1.Final</version>
		</dependency>


	</dependencies>


</project>